Display Name,ReferenceId,Latitude,Longitude,Media Owner,Country,State,District,Billboard Type,Category,Venue Type,Impression,Frequency,Reach_x,Venue type,18_24_percentage,25_34_percentage,35_44_percentage,45_54_percentage,55_64_percentage,65_plus_percentage,Unnamed: 8,PV,Freq,Reach_y,Unnamed: 12
PDVilarinho(c)-15,BRA-OOH-D-00000-15805,-19.81705,-43.95282,OOH BRASIL,Brazil,Minas Gerais,Belo Horizonte,DIGITAL,OUTDOOR,"Outdoor,Billboards",1117200,5.78,193287,"Outdoor,Billboards",13.24,16.24,30.36,22.68,10.28,7.2,,1117200,5.78,193287,
EDBHShopping-58,BRA-OOH-D-00000-15796,-19.96587,-43.95402,OOH BRASIL,Brazil,Minas Gerais,Belo Horizonte,DIGITAL,OUTDOOR,"Outdoor,Billboards",1170000,5.84,200342,"Outdoor,Billboards",14.28,16.23,30.55,21.38,10.3,7.26,,1170000,5.84,200342,
EDCMachado(c)-71,BRA-OOH-D-00000-15797,-19.90519,-43.93714,OOH BRASIL,Brazil,Minas Gerais,Belo Horizonte,DIGITAL,OUTDOOR,"Outdoor,Billboards",1059600,5.37,197318,"Outdoor,Billboards",14.17,17.17,31.58,19.27,9.43,8.38,,1059600,5.37,197318,
PD Raja Gabáglia Centro,BRA-OOH-D-00000-15798,-19.94591,-43.95854,OOH BRASIL,Brazil,Minas Gerais,Belo Horizonte,DIGITAL,OUTDOOR,"Outdoor,Billboards",1212000,5.92,204729,"Outdoor,Billboards",13.22,17.27,32.39,19.42,10.28,7.42,,1212000,5.92,204729,
PDAntCarlos(c)-17,BRA-OOH-D-00000-15803,-19.89703,-43.94907,OOH BRASIL,Brazil,Minas Gerais,Belo Horizonte,DIGITAL,OUTDOOR,"Outdoor,Billboards",1225200,5.68,215704,"Outdoor,Billboards",14.39,16.38,29.62,22.17,9.13,8.31,,1225200,5.68,215704,
BDBrasil-44,BRA-OOH-D-00000-15812,-19.92601,-43.92508,OOH BRASIL,Brazil,Minas Gerais,Belo Horizonte,DIGITAL,OUTDOOR,"Outdoor,Urban Panels",1104000,5.31,207909,"Outdoor,Urban Panels",15.8,17.42,29.7,20.57,9.27,7.24,,1104000,5.31,207909,
BDCuritiba-46,BRA-OOH-D-00000-15821,-19.91891,-43.94134,OOH BRASIL,Brazil,Minas Gerais,Belo Horizonte,DIGITAL,OUTDOOR,"Outdoor,Urban Panels",841800,5.83,144391,"Outdoor,Urban Panels",14.38,17.36,29.21,21.35,9.28,8.42,,841800,5.83,144391,
BDViscondeI-3,BRA-OOH-D-00000-15827,-22.98407,-43.20899,OOH BRASIL,Brazil,Rio de Janeiro,Rio de Janeiro,DIGITAL,OUTDOOR,"Outdoor,Urban Panels",1047000,5.29,197920,"Outdoor,Urban Panels",14.22,16.29,29.66,21.24,10.29,8.3,,1047000,5.29,197920,
BDJacarepagua-11,BRA-OOH-D-00000-15829,-22.94113,-43.34205,OOH BRASIL,Brazil,Rio de Janeiro,Rio de Janeiro,DIGITAL,OUTDOOR,"Outdoor,Urban Panels",181200,5.49,33005,"Outdoor,Urban Panels",15.52,16.3,26.91,22.72,10.21,8.34,,181200,5.49,33005,
BDRodolfoDantas-8,BRA-OOH-D-00000-15832,-22.96485,-43.17968,OOH BRASIL,Brazil,Rio de Janeiro,Rio de Janeiro,DIGITAL,OUTDOOR,"Outdoor,Urban Panels",1523400,6.48,235092,"Outdoor,Urban Panels",15.11,17.43,27.41,21.42,10.41,8.22,,1523400,6.48,235092,
BDJoseLinhares-19,BRA-OOH-D-00000-15839,-22.98064,-43.22223,OOH BRASIL,Brazil,Rio de Janeiro,Rio de Janeiro,DIGITAL,OUTDOOR,"Outdoor,Urban Panels",1084800,5.64,192340,"Outdoor,Urban Panels",15.25,16.45,29.62,20.12,10.17,8.39,,1084800,5.64,192340,
BDSantaClara-16,BRA-OOH-D-00000-15840,-22.97134,-43.18742,OOH BRASIL,Brazil,Rio de Janeiro,Rio de Janeiro,DIGITAL,OUTDOOR,"Outdoor,Urban Panels",1305000,5.55,235135,"Outdoor,Urban Panels",15.11,17.15,28.72,22.3,9.35,7.37,,1305000,5.55,235135,
BDCondeBonfim-20,BRA-OOH-D-00000-15841,-22.92798,-43.23634,OOH BRASIL,Brazil,Rio de Janeiro,Rio de Janeiro,DIGITAL,OUTDOOR,"Outdoor,Urban Panels",1161000,5.85,198461,"Outdoor,Urban Panels",15.37,17.28,27.97,21.76,9.33,8.29,,1161000,5.85,198461,
BDVoluntarios-17,BRA-OOH-D-00000-15842,-22.95483,-43.19559,OOH BRASIL,Brazil,Rio de Janeiro,Rio de Janeiro,DIGITAL,OUTDOOR,"Outdoor,Urban Panels",1515600,6.48,233888,"Outdoor,Urban Panels",14.27,17.22,31.67,19.46,10.16,7.22,,1515600,6.48,233888,
BDFarani-15,BRA-OOH-D-00000-15843,-22.9395,-43.1806,OOH BRASIL,Brazil,Rio de Janeiro,Rio de Janeiro,DIGITAL,OUTDOOR,"Outdoor,Urban Panels",1715400,7.58,226306,"Outdoor,Urban Panels",14.56,16.23,30.24,20.31,10.39,8.27,,1715400,7.58,226306,
BDSaoClemente-21,BRA-OOH-D-00000-15844,-22.94954,-43.18362,OOH BRASIL,Brazil,Rio de Janeiro,Rio de Janeiro,DIGITAL,OUTDOOR,"Outdoor,Urban Panels",1832400,7.42,246954,"Outdoor,Urban Panels",15.43,16.16,31.15,19.55,9.35,8.36,,1832400,7.42,246954,
PDDomPedroI(c)-10,BRA-OOH-D-00000-15847,-30.02003,-51.18605,OOH BRASIL,Brazil,Rio Grande do Sul,Porto Alegre,DIGITAL,OUTDOOR,"Outdoor,Billboards",1116000,5.43,205524,"Outdoor,Billboards",14.27,16.21,31.69,21.29,9.36,7.18,,1116000,5.43,205524,
PDGoethe-5,BRA-OOH-D-00000-15853,-30.03281,-51.20368,OOH BRASIL,Brazil,Rio Grande do Sul,Porto Alegre,DIGITAL,OUTDOOR,"Outdoor,Billboards",1429800,6.62,215981,"Outdoor,Billboards",15.42,17.22,29.48,20.4,10.29,7.19,,1429800,6.62,215981,
PDEstevaoCruz-7,BRA-OOH-D-00000-15854,-30.08072,-51.24618,OOH BRASIL,Brazil,Rio Grande do Sul,Porto Alegre,DIGITAL,OUTDOOR,"Outdoor,Billboards",1426800,6.59,216509,"Outdoor,Billboards",15.48,17.35,29.09,20.5,10.26,7.32,,1426800,6.59,216509,62788.0
BDTimoteoI-19,BRA-OOH-D-00000-15856,-30.0234,-51.19971,OOH BRASIL,Brazil,Rio Grande do Sul,Porto Alegre,DIGITAL,OUTDOOR,"Outdoor,Urban Panels",1496400,6.78,220707,"Outdoor,Urban Panels",13.41,16.22,29.96,22.76,10.42,7.23,,1496400,6.78,220707,
BDTimoteoII-18,BRA-OOH-D-00000-15857,-30.02396,-51.19947,OOH BRASIL,Brazil,Rio Grande do Sul,Porto Alegre,DIGITAL,OUTDOOR,"Outdoor,Urban Panels",1380600,6.67,206986,"Outdoor,Urban Panels",14.23,17.13,29.92,20.15,10.17,8.4,,1380600,6.67,206986,
BDAssisBrasil-16,BRA-OOH-D-00000-15858,-30.01149,-51.1666,OOH BRASIL,Brazil,Rio Grande do Sul,Porto Alegre,DIGITAL,OUTDOOR,"Outdoor,Urban Panels",1332600,6.29,211860,"Outdoor,Urban Panels",13.14,17.35,30.69,21.24,9.14,8.44,,1332600,6.29,211860,
PDAntonioTomas-3,BRA-OOH-D-00000-15869,-3.74103,-38.49708,OOH BRASIL,Brazil,Ceara,Fortaleza,DIGITAL,OUTDOOR,"Outdoor,Billboards",1363200,6.4,213000,"Outdoor,Billboards",14.7,17.26,30.59,20.16,9.13,8.16,,1363200,6.4,213000,
PDAbolicao-5,BRA-OOH-D-00000-15871,-3.726,-38.49786,OOH BRASIL,Brazil,Ceara,Fortaleza,DIGITAL,OUTDOOR,"Outdoor,Billboards",1407000,6.82,206304,"Outdoor,Billboards",14.47,17.28,31.21,19.33,10.32,7.39,,1407000,6.82,206304,
PDEugPacelli(c)-38,BRA-OOH-D-00000-15807,-19.9505,-44.01361,OOH BRASIL,Brazil,Minas Gerais,Belo Horizonte,DIGITAL,OUTDOOR,"Outdoor,Billboards",1251600,5.76,217291,"Outdoor,Billboards",13.41,17.37,31.25,19.33,10.21,8.43,,1251600,5.76,217291,
BD Augusto de Lima,BRA-OOH-D-00000-15808,-19.92421,-43.93943,OOH BRASIL,Brazil,Minas Gerais,Belo Horizonte,DIGITAL,OUTDOOR,"Outdoor,Urban Panels",1045200,5.38,194275,"Outdoor,Urban Panels",15.33,16.32,31.6,19.22,10.13,7.4,,1045200,5.38,194275,
BDPrudenteMorais-100,BRA-OOH-D-00000-15809,-19.93914,-43.94783,OOH BRASIL,Brazil,Minas Gerais,Belo Horizonte,DIGITAL,OUTDOOR,"Outdoor,Urban Panels",1273800,6.32,201550,"Outdoor,Urban Panels",13.23,16.33,30.6,22.13,10.46,7.25,,1273800,6.32,201550,
BDGetulioVargas-67,BRA-OOH-D-00000-15814,-19.93503,-43.93014,OOH BRASIL,Brazil,Minas Gerais,Belo Horizonte,DIGITAL,OUTDOOR,"Outdoor,Urban Panels",1236600,6.38,193824,"Outdoor,Urban Panels",14.48,16.17,30.89,20.75,10.32,7.39,,1236600,6.38,193824,
BDAfonsoPena-48,BRA-OOH-D-00000-15823,-19.9211,-43.93716,OOH BRASIL,Brazil,Minas Gerais,Belo Horizonte,DIGITAL,OUTDOOR,"Outdoor,Urban Panels",839400,5.93,141551,"Outdoor,Urban Panels",16.47,17.37,29.34,19.31,9.28,8.23,,839400,5.93,141551,
BDLaranjeiras-12,BRA-OOH-D-00000-15830,-22.93175,-43.18039,OOH BRASIL,Brazil,Rio de Janeiro,Rio de Janeiro,DIGITAL,OUTDOOR,"Outdoor,Urban Panels",1324800,6.81,194537,"Outdoor,Urban Panels",15.19,16.4,28.19,21.65,10.15,8.42,,1324800,6.81,194537,
BDBarataRibeiro-4,BRA-OOH-D-00000-15833,-22.96767,-43.18446,OOH BRASIL,Brazil,Rio de Janeiro,Rio de Janeiro,DIGITAL,OUTDOOR,"Outdoor,Urban Panels",1320000,5.42,243542,"Outdoor,Urban Panels",14.53,16.3,30.15,21.31,10.29,7.42,,1320000,5.42,243542,
BDXavierSilveira-7,BRA-OOH-D-00000-15834,-22.97662,-43.19128,OOH BRASIL,Brazil,Rio de Janeiro,Rio de Janeiro,DIGITAL,OUTDOOR,"Outdoor,Urban Panels",1380000,5.94,232323,"Outdoor,Urban Panels",16.21,16.17,28.79,22.26,9.35,7.22,,1380000,5.94,232323,
PDBento-1,BRA-OOH-D-00000-15845,-30.06249,-51.17559,OOH BRASIL,Brazil,Rio Grande do Sul,Porto Alegre,DIGITAL,OUTDOOR,"Outdoor,Billboards",1332600,6.36,209528,"Outdoor,Billboards",15.22,17.42,29.05,21.72,9.45,7.14,,1332600,6.36,209528,
PDCavalhada-9,BRA-OOH-D-00000-15846,-30.10613,-51.22962,OOH BRASIL,Brazil,Rio Grande do Sul,Porto Alegre,DIGITAL,OUTDOOR,"Outdoor,Billboards",1359000,6.57,206849,"Outdoor,Billboards",13.12,17.37,32.31,19.65,10.16,7.39,,1359000,6.57,206849,
PDDomPedroII(b)-20,BRA-OOH-D-00000-15855,-30.01766,-51.18672,OOH BRASIL,Brazil,Rio Grande do Sul,Porto Alegre,DIGITAL,OUTDOOR,"Outdoor,Billboards",1145400,5.93,193153,"Outdoor,Billboards",13.25,16.26,31.86,20.19,10.28,8.16,,1145400,5.93,193153,
BDMostardeiro-22,BRA-OOH-D-00000-15865,-30.02869,-51.20432,OOH BRASIL,Brazil,Rio Grande do Sul,Porto Alegre,DIGITAL,OUTDOOR,"Outdoor,Urban Panels",1726800,7.84,220255,"Outdoor,Urban Panels",15.28,17.26,31.5,19.42,9.4,7.14,,1726800,7.84,220255,
BDJoaoPessoa-21,BRA-OOH-D-00000-15866,-30.04582,-51.21353,OOH BRASIL,Brazil,Rio Grande do Sul,Porto Alegre,DIGITAL,OUTDOOR,"Outdoor,Urban Panels",1463400,6.82,214574,"Outdoor,Urban Panels",14.29,16.42,30.65,21.12,9.2,8.32,,1463400,6.82,214574,
PDDomLuis-1,BRA-OOH-D-00000-15867,-3.73506,-38.49086,OOH BRASIL,Brazil,Ceara,Fortaleza,DIGITAL,OUTDOOR,"Outdoor,Billboards",1368600,6.36,215188,"Outdoor,Billboards",16.4,17.21,27.21,22.74,9.19,7.25,,1368600,6.36,215188,
PDTrezedeMaio-2,BRA-OOH-D-00000-15868,-3.74897,-38.52946,OOH BRASIL,Brazil,Ceara,Fortaleza,DIGITAL,OUTDOOR,"Outdoor,Billboards",1460400,7.5,194720,"Outdoor,Billboards",14.12,17.18,29.46,21.72,9.22,8.3,,1460400,7.5,194720,
PDAntonioSales-9,BRA-OOH-D-00000-15873,-3.74728,-38.49497,OOH BRASIL,Brazil,Ceara,Fortaleza,DIGITAL,OUTDOOR,"Outdoor,Billboards",1571400,7.37,213215,"Outdoor,Billboards",15.47,17.21,28.47,21.12,9.42,8.31,,1571400,7.37,213215,
PDAgamenonMagalhae-5,BRA-OOH-D-00000-15880,-8.03823,-34.87465,OOH BRASIL,Brazil,Pernambuco,Recife,DIGITAL,OUTDOOR,"Outdoor,Billboards",1039800,6.83,152240,"Outdoor,Billboards",14.37,16.13,30.55,21.33,10.3,7.32,,1039800,6.83,152240,
BDAlvaresCabral-70,BRA-OOH-D-00000-15811,-19.93041,-43.94634,OOH BRASIL,Brazil,Minas Gerais,Belo Horizonte,DIGITAL,OUTDOOR,"Outdoor,Urban Panels",1258800,5.39,233543,"Outdoor,Urban Panels",13.21,17.33,28.7,22.22,10.3,8.24,,1258800,5.39,233543,
BDCristColombo-69,BRA-OOH-D-00000-15813,-19.93432,-43.93787,OOH BRASIL,Brazil,Minas Gerais,Belo Horizonte,DIGITAL,OUTDOOR,"Outdoor,Urban Panels",1305000,6.78,192477,"Outdoor,Urban Panels",16.36,17.27,29.71,19.16,9.17,8.33,,1305000,6.78,192477,
BDCuritibaBFortes-45,BRA-OOH-D-00000-15816,-19.92606,-43.94343,OOH BRASIL,Brazil,Minas Gerais,Belo Horizonte,DIGITAL,OUTDOOR,"Outdoor,Urban Panels",1040400,5.56,187122,"Outdoor,Urban Panels",14.52,16.27,30.26,22.47,9.29,7.19,,1040400,5.56,187122,
BDJoaoPinheiro-50,BRA-OOH-D-00000-15817,-19.92655,-43.93661,OOH BRASIL,Brazil,Minas Gerais,Belo Horizonte,DIGITAL,OUTDOOR,"Outdoor,Urban Panels",1131000,5.7,198421,"Outdoor,Urban Panels",16.32,16.37,29.33,19.64,10.15,8.19,,1131000,5.7,198421,
BDMinasTenisClube-65,BRA-OOH-D-00000-15818,-19.93466,-43.94017,OOH BRASIL,Brazil,Minas Gerais,Belo Horizonte,DIGITAL,OUTDOOR,"Outdoor,Urban Panels",1375800,6.51,211336,"Outdoor,Urban Panels",16.31,16.2,30.74,19.2,9.22,8.33,,1375800,6.51,211336,
BDCoronelEurico-9,BRA-OOH-D-00000-15825,-23.01196,-43.31849,OOH BRASIL,Brazil,Rio de Janeiro,Rio de Janeiro,DIGITAL,OUTDOOR,"Outdoor,Urban Panels",1292400,5.76,224375,"Outdoor,Urban Panels",14.13,16.45,30.11,20.73,10.39,8.19,,1292400,5.76,224375,
BDPrincesaIsabel-6,BRA-OOH-D-00000-15831,-22.96336,-43.17425,OOH BRASIL,Brazil,Rio de Janeiro,Rio de Janeiro,DIGITAL,OUTDOOR,"Outdoor,Urban Panels",1461000,6.77,215805,"Outdoor,Urban Panels",14.44,17.12,29.36,21.75,10.17,7.16,,1461000,6.77,215805,
BDSaoConrado-18,BRA-OOH-D-00000-15838,-22.99243,-43.25421,OOH BRASIL,Brazil,Rio de Janeiro,Rio de Janeiro,DIGITAL,OUTDOOR,"Outdoor,Urban Panels",1531800,6.79,225596,"Outdoor,Urban Panels",16.17,16.35,31.58,19.24,9.27,7.39,,1531800,6.79,225596,
PDCoronelMarcos-3,BRA-OOH-D-00000-15848,-30.1245,-51.24512,OOH BRASIL,Brazil,Rio Grande do Sul,Porto Alegre,DIGITAL,OUTDOOR,"Outdoor,Billboards",1138200,5.47,208080,"Outdoor,Billboards",15.2,16.37,30.34,20.64,9.18,8.27,,1138200,5.47,208080,
BDBorgesMedeiros-11,BRA-OOH-D-00000-15862,-30.03072,-51.22776,OOH BRASIL,Brazil,Rio Grande do Sul,Porto Alegre,DIGITAL,OUTDOOR,"Outdoor,Urban Panels",511200,6.31,81014,"Outdoor,Urban Panels",14.5,17.34,30.38,20.19,10.33,7.26,,511200,6.31,81014,
BDProtasioAlves-17,BRA-OOH-D-00000-15863,-30.03961,-51.17675,OOH BRASIL,Brazil,Rio Grande do Sul,Porto Alegre,DIGITAL,OUTDOOR,"Outdoor,Urban Panels",1155600,5.28,218863,"Outdoor,Urban Panels",13.4,16.39,30.02,22.59,9.24,8.36,,1155600,5.28,218863,
BDJoseAlencar-14,BRA-OOH-D-00000-15864,-30.06015,-51.2212,OOH BRASIL,Brazil,Rio Grande do Sul,Porto Alegre,DIGITAL,OUTDOOR,"Outdoor,Urban Panels",1357200,6.8,199588,"Outdoor,Urban Panels",14.19,16.18,28.64,22.43,10.33,8.23,,1357200,6.8,199588,
PDPontesVieira-8,BRA-OOH-D-00000-15875,-3.75148,-38.5067,OOH BRASIL,Brazil,Ceara,Fortaleza,DIGITAL,OUTDOOR,"Outdoor,Billboards",1096200,5.38,203754,"Outdoor,Billboards",14.7,16.19,29.92,22.71,9.2,7.28,,1096200,5.38,203754,
PDAyrtonSenna-2,BRA-OOH-D-00000-15877,-8.16741,-34.91601,OOH BRASIL,Brazil,Pernambuco,Recife,DIGITAL,OUTDOOR,"Outdoor,Billboards",859200,5.67,151534,"Outdoor,Billboards",16.2,17.12,28.48,19.69,10.14,8.37,,859200,5.67,151534,
PDBernardoVieira-3,BRA-OOH-D-00000-15878,-8.169,-34.91503,OOH BRASIL,Brazil,Pernambuco,Recife,DIGITAL,OUTDOOR,"Outdoor,Billboards",372600,6.52,57147,"Outdoor,Billboards",15.23,17.18,29.5,19.45,10.36,8.28,,372600,6.52,57147,
PDPcaLulaCabral-6,BRA-OOH-D-00000-15881,-8.03245,-34.90987,OOH BRASIL,Brazil,Pernambuco,Recife,DIGITAL,OUTDOOR,"Outdoor,Billboards",923400,6.36,145188,"Outdoor,Billboards",15.43,16.23,30.36,20.43,10.4,7.15,,923400,6.36,145188,
PDNSCarmo(b)-22,BRA-OOH-D-00000-15799,-19.96687,-43.94353,OOH BRASIL,Brazil,Minas Gerais,Belo Horizonte,DIGITAL,OUTDOOR,"Outdoor,Billboards",1156800,5.84,198082,"Outdoor,Billboards",14.13,16.22,30.57,22.48,9.45,7.15,,1156800,5.84,198082,
PDNSCarmo(c)-18,BRA-OOH-D-00000-15801,-19.95199,-43.93765,OOH BRASIL,Brazil,Minas Gerais,Belo Horizonte,DIGITAL,OUTDOOR,"Outdoor,Billboards",1313400,6.03,217810,"Outdoor,Billboards",16.39,16.3,28.33,21.26,10.42,7.3,,1313400,6.03,217810,
PDRajaGab(b)-23,BRA-OOH-D-00000-15802,-19.96882,-43.95469,OOH BRASIL,Brazil,Minas Gerais,Belo Horizonte,DIGITAL,OUTDOOR,"Outdoor,Billboards",1122600,5.71,196602,"Outdoor,Billboards",15.44,16.13,29.41,21.47,10.27,7.28,,1122600,5.71,196602,
PDAntCarlos(b)-56,BRA-OOH-D-00000-15804,-19.88918,-43.9497,OOH BRASIL,Brazil,Minas Gerais,Belo Horizonte,DIGITAL,OUTDOOR,"Outdoor,Billboards",1236000,5.54,223104,"Outdoor,Billboards",13.13,16.44,31.38,22.46,9.37,7.22,,1236000,5.54,223104,
PDMG10(c)-42,BRA-OOH-D-00000-15806,-19.81234,-43.95061,OOH BRASIL,Brazil,Minas Gerais,Belo Horizonte,DIGITAL,OUTDOOR,"Outdoor,Billboards",1128600,5.97,189045,"Outdoor,Billboards",15.36,17.4,27.45,21.21,10.15,8.43,,1128600,5.97,189045,
BDPraçaLiberdade-47,BRA-OOH-D-00000-15815,-19.93088,-43.93858,OOH BRASIL,Brazil,Minas Gerais,Belo Horizonte,DIGITAL,OUTDOOR,"Outdoor,Urban Panels",1363800,6.29,216820,"Outdoor,Urban Panels",15.18,16.23,31.78,20.27,9.27,7.27,,1363800,6.29,216820,
BDSantosDumont-51,BRA-OOH-D-00000-15819,-19.91513,-43.94031,OOH BRASIL,Brazil,Minas Gerais,Belo Horizonte,DIGITAL,OUTDOOR,"Outdoor,Urban Panels",1110000,5.47,202925,"Outdoor,Urban Panels",15.39,17.12,26.74,22.12,10.22,8.41,,1110000,5.47,202925,
BDPracaSete-49,BRA-OOH-D-00000-15822,-19.91961,-43.93935,OOH BRASIL,Brazil,Minas Gerais,Belo Horizonte,DIGITAL,OUTDOOR,"Outdoor,Urban Panels",847800,5.36,158171,"Outdoor,Urban Panels",15.4,16.39,31.28,19.39,10.13,7.41,,847800,5.36,158171,
BDBarbacena-64,BRA-OOH-D-00000-15824,-19.92677,-43.95159,OOH BRASIL,Brazil,Minas Gerais,Belo Horizonte,DIGITAL,OUTDOOR,"Outdoor,Urban Panels",1255200,6.16,203766,"Outdoor,Urban Panels",13.24,17.44,31.29,20.52,9.16,8.35,,1255200,6.16,203766,
BDArmandoLombardi-10,BRA-OOH-D-00000-15826,-23.00738,-43.30648,OOH BRASIL,Brazil,Rio de Janeiro,Rio de Janeiro,DIGITAL,OUTDOOR,"Outdoor,Urban Panels",1432200,6.39,224131,"Outdoor,Urban Panels",14.8,16.23,29.87,22.58,9.15,7.37,,1432200,6.39,224131,
BDPrudenteMorais-2,BRA-OOH-D-00000-15828,-22.98489,-43.21203,OOH BRASIL,Brazil,Rio de Janeiro,Rio de Janeiro,DIGITAL,OUTDOOR,"Outdoor,Urban Panels",2115000,8.48,249410,"Outdoor,Urban Panels",15.54,16.28,29.54,21.2,10.19,7.25,,2115000,8.48,249410,
BDFigueiredo-5,BRA-OOH-D-00000-15835,-22.97037,-43.18589,OOH BRASIL,Brazil,Rio de Janeiro,Rio de Janeiro,DIGITAL,OUTDOOR,"Outdoor,Urban Panels",1420200,5.76,246562,"Outdoor,Urban Panels",15.51,16.39,30.28,19.22,10.46,8.14,,1420200,5.76,246562,
BDViscondeII-14,BRA-OOH-D-00000-15836,-22.98423,-43.20615,OOH BRASIL,Brazil,Rio de Janeiro,Rio de Janeiro,DIGITAL,OUTDOOR,"Outdoor,Urban Panels",1128600,5.43,207845,"Outdoor,Urban Panels",14.29,16.4,29.62,22.17,10.17,7.35,,1128600,5.43,207845,
BDPassagem-13,BRA-OOH-D-00000-15837,-22.95318,-43.18175,OOH BRASIL,Brazil,Rio de Janeiro,Rio de Janeiro,DIGITAL,OUTDOOR,"Outdoor,Urban Panels",661800,7.45,88832,"Outdoor,Urban Panels",16.26,17.13,28.32,20.47,10.4,7.42,,661800,7.45,88832,
PDIpiranga-6,BRA-OOH-D-00000-15849,-30.04851,-51.22456,OOH BRASIL,Brazil,Rio Grande do Sul,Porto Alegre,DIGITAL,OUTDOOR,"Outdoor,Billboards",1590600,6.85,232204,"Outdoor,Billboards",14.35,17.12,29.38,20.65,10.13,8.37,,1590600,6.85,232204,
PDQuintino-2,BRA-OOH-D-00000-15850,-30.01952,-51.19804,OOH BRASIL,Brazil,Rio Grande do Sul,Porto Alegre,DIGITAL,OUTDOOR,"Outdoor,Billboards",1389600,7.12,195168,"Outdoor,Billboards",14.46,16.29,29.85,20.63,10.45,8.32,,1389600,7.12,195168,
PDJoaoWallig-4,BRA-OOH-D-00000-15851,-30.01514,-51.16484,OOH BRASIL,Brazil,Rio Grande do Sul,Porto Alegre,DIGITAL,OUTDOOR,"Outdoor,Billboards",1316400,6.55,200977,"Outdoor,Billboards",15.57,17.24,27.08,21.54,10.24,8.33,,1316400,6.55,200977,
PDSertorio-8,BRA-OOH-D-00000-15852,-29.99847,-51.13651,OOH BRASIL,Brazil,Rio Grande do Sul,Porto Alegre,DIGITAL,OUTDOOR,"Outdoor,Billboards",717600,8.7,82482,"Outdoor,Billboards",13.26,16.22,34.26,19.58,9.26,7.42,,717600,8.7,82482,
BDOtavioRocha-13,BRA-OOH-D-00000-15860,-30.02872,-51.22594,OOH BRASIL,Brazil,Rio Grande do Sul,Porto Alegre,DIGITAL,OUTDOOR,"Outdoor,Urban Panels",525000,6.29,83465,"Outdoor,Urban Panels",15.11,16.4,30.59,20.29,10.25,7.36,,525000,6.29,83465,
PDDesembMoreira-4,BRA-OOH-D-00000-15870,-3.75205,-38.5032,OOH BRASIL,Brazil,Ceara,Fortaleza,DIGITAL,OUTDOOR,"Outdoor,Billboards",1167000,6.43,181493,"Outdoor,Billboards",14.29,16.29,29.22,21.58,10.45,8.17,,1167000,6.43,181493,
PDOliveriaPaiva-6,BRA-OOH-D-00000-15872,-3.79807,-38.50177,OOH BRASIL,Brazil,Ceara,Fortaleza,DIGITAL,OUTDOOR,"Outdoor,Billboards",1839000,8.4,218928,"Outdoor,Billboards",14.12,17.33,30.47,20.57,9.16,8.35,,1839000,8.4,218928,
PDSilasMunguba-7,BRA-OOH-D-00000-15874,-3.77818,-38.56096,OOH BRASIL,Brazil,Ceara,Fortaleza,DIGITAL,OUTDOOR,"Outdoor,Billboards",1171200,5.49,213333,"Outdoor,Billboards",15.45,16.22,28.31,22.47,9.26,8.29,,1171200,5.49,213333,
PDBabitaCarm-74,BRA-OOH-D-00000-25857,-19.94755,-44.0256,OOH BRASIL,Brazil,Minas Gerais,Contagem,DIGITAL,OUTDOOR,"Outdoor,Billboards",126600,5.25,24114,"Outdoor,Billboards",14.8,17.29,30.24,20.24,10.18,7.25,,126600,5.25,24114,
PDJuscelino-63,BRA-OOH-D-00000-25858,-19.96898,-44.19953,OOH BRASIL,Brazil,Minas Gerais,Belo Horizonte,DIGITAL,OUTDOOR,"Outdoor,Billboards",1193400,6.47,184451,"Outdoor,Billboards",13.5,17.18,30.05,20.68,10.37,8.22,,1193400,6.47,184451,
BDTimoteoIII-12,BRA-OOH-D-00000-25859,-30.0176,-51.20035,OOH BRASIL,Brazil,Rio Grande do Sul,Porto Alegre,DIGITAL,OUTDOOR,"Outdoor,Urban Panels",1482600,7.05,210297,"Outdoor,Urban Panels",15.23,16.12,31.69,19.45,10.34,7.17,,1482600,7.05,210297,
BDSantoAntonio-23,BRA-OOH-D-00000-25860,-30.02895,-51.21393,OOH BRASIL,Brazil,Rio Grande do Sul,Porto Alegre,DIGITAL,OUTDOOR,"Outdoor,Urban Panels",1381200,6.84,201929,"Outdoor,Urban Panels",13.13,16.4,31.8,21.15,10.2,7.32,,1381200,6.84,201929,
PDSantosDumont-10,BRA-OOH-D-00000-25861,-3.74162,-38.48234,OOH BRASIL,Brazil,Ceara,Fortaleza,DIGITAL,OUTDOOR,"Outdoor,Billboards",1356600,6.43,210979,"Outdoor,Billboards",16.13,17.22,29.41,19.67,9.38,8.19,,1356600,6.43,210979,
PDGetulioVargas-4,BRA-OOH-D-00000-25863,-7.99822,-34.83942,OOH BRASIL,Brazil,Pernambuco,Olinda,DIGITAL,OUTDOOR,"Outdoor,Billboards",1219800,6.73,181248,"Outdoor,Billboards",14.42,16.24,30.27,21.46,10.32,7.29,,1219800,6.73,181248,
EDNScarmo(b)-78,BRA-OOH-D-00000-25864,-19.95058,-43.93756,OOH BRASIL,Brazil,Minas Gerais,Belo Horizonte,DIGITAL,OUTDOOR,"Outdoor,Billboards",1327800,6.09,218029,"Outdoor,Billboards",15.46,16.31,30.31,20.2,9.32,8.4,,1327800,6.09,218029,
BDPedroII-86,BRA-OOH-D-00000-28608,-19.90759,-43.96133,OOH BRASIL,Brazil,Minas Gerais,Belo Horizonte,DIGITAL,OUTDOOR,"Outdoor,Urban Panels",1010400,5.97,169246,"Outdoor,Urban Panels",13.22,17.33,31.09,20.69,9.32,8.35,,1010400,5.97,169246,
PD Av. Recife,BRA-OOH-D-00000-28615,-8.0797,-34.9341,OOH BRASIL,Brazil,Pernambuco,Recife,DIGITAL,OUTDOOR,"Outdoor,Billboards",675600,5.08,132992,"Outdoor,Billboards",15.34,17.26,30.32,19.57,9.33,8.18,,675600,5.08,132992,
PDAmazonas(c)-82,BRA-OOH-D-00000-28606,-19.9297,-43.95761,OOH BRASIL,Brazil,Minas Gerais,Belo Horizonte,DIGITAL,OUTDOOR,"Outdoor,Billboards",537000,6.48,82870,"Outdoor,Billboards",13.25,16.17,32.45,20.76,9.15,8.22,,537000,6.48,82870,
EDRajaGab(c)-26,BRA-OOH-D-00000-28611,-19.97518,-43.94294,OOH BRASIL,Brazil,Minas Gerais,Belo Horizonte,DIGITAL,OUTDOOR,"Outdoor,Billboards",1115400,6.25,178464,"Outdoor,Billboards",14.5,17.17,28.43,21.26,10.38,8.26,,1115400,6.25,178464,
BDOlegarioMaciel-85,BRA-OOH-D-00000-28609,-19.91997,-43.94428,OOH BRASIL,Brazil,Minas Gerais,Belo Horizonte,DIGITAL,OUTDOOR,"Outdoor,Urban Panels",972000,5.41,179667,"Outdoor,Urban Panels",14.26,16.43,32.3,19.4,9.26,8.35,,972000,5.41,179667,
BDMarioWerneck-87,BRA-OOH-D-00000-28610,-19.9691,-43.96469,OOH BRASIL,Brazil,Minas Gerais,Belo Horizonte,DIGITAL,OUTDOOR,"Outdoor,Urban Panels",920400,5.92,155472,"Outdoor,Urban Panels",14.36,16.32,28.01,22.58,10.46,8.27,,920400,5.92,155472,
PD Mascarenhas de Morais,BRA-OOH-D-00000-28614,-8.10772,-34.91196,OOH BRASIL,Brazil,Pernambuco,Recife,DIGITAL,OUTDOOR,"Outdoor,Billboards",685800,5.11,134207,"Outdoor,Billboards",15.2,16.14,31.51,19.48,10.45,7.22,,685800,5.11,134207,
PD Barão de Souza Leão,BRA-OOH-D-00000-28616,-8.13177,-34.90233,OOH BRASIL,Brazil,Pernambuco,Recife,DIGITAL,OUTDOOR,"Outdoor,Billboards",657600,4.43,148442,"Outdoor,Billboards",14.26,16.38,29.85,20.7,10.45,8.36,,657600,4.43,148442,
BDContornoI-84,BRA-OOH-D-00000-28607,-19.93119,-43.92317,OOH BRASIL,Brazil,Minas Gerais,Belo Horizonte,DIGITAL,OUTDOOR,"Outdoor,Urban Panels",1188000,5.73,207329,"Outdoor,Urban Panels",15.3,16.24,29.85,21.71,9.46,7.44,,1188000,5.73,207329,
BD Sinfrônio Brochado,BRA-OOH-D-00000-28612,-19.9761,-44.0184,OOH BRASIL,Brazil,Minas Gerais,Belo Horizonte,DIGITAL,OUTDOOR,"Outdoor,Urban Panels",834000,6.82,122287,"Outdoor,Urban Panels",13.16,16.23,30.26,22.75,9.27,8.33,,834000,6.82,122287,
BDJeronimoOrnelas-15,BRA-OOH-D-00000-28613,-30.0428567,-51.214314,OOH BRASIL,Brazil,Rio Grande do Sul,Porto Alegre,DIGITAL,OUTDOOR,"Outdoor,Urban Panels",1397400,6.32,221107,"Outdoor,Urban Panels",15.34,16.43,30.54,20.23,10.13,7.33,,1397400,6.32,221107,
PD Joaquim Inácio,BRA-OOH-D-00000-28617,-8.06275,-34.89613,OOH BRASIL,Brazil,Pernambuco,Recife,DIGITAL,OUTDOOR,"Outdoor,Billboards",762000,5.24,145419,"Outdoor,Billboards",14.55,16.32,30.85,19.67,11.24,7.37,,762000,5.24,145419,
PD Eng. Domingos Ferreira,BRA-OOH-D-00000-28618,-8.10283,-34.88885,OOH BRASIL,Brazil,Pernambuco,Recife,DIGITAL,OUTDOOR,"Outdoor,Billboards",632400,5.11,123757,"Outdoor,Billboards",14.55,16.39,30.11,20.35,10.38,8.22,,632400,5.11,123757,
BDBernardoVasc-96,BRA-OOH-D-00000-32715,-19.88483,-43.94791,OOH BRASIL,Brazil,Minas Gerais,Belo Horizonte,DIGITAL,OUTDOOR,"Outdoor,Urban Panels",420600,5.38,78178,"Outdoor,Urban Panels",13.49,16.15,31.54,22.17,9.33,7.32,,420600,5.38,78178,
BDViladaSerra-99,BRA-OOH-D-00000-32716,-19.97763,-43.94189,OOH BRASIL,Brazil,Minas Gerais,Nova Lima,DIGITAL,OUTDOOR,"Outdoor,Urban Panels",144600,4.95,29212,"Outdoor,Urban Panels",15.18,17.24,30.46,20.71,9.26,7.15,,144600,4.95,29212,
BDGoitacazes-101,BRA-OOH-D-00000-32717,-19.92167,-43.94419,OOH BRASIL,Brazil,Minas Gerais,Belo Horizonte,DIGITAL,OUTDOOR,"Outdoor,Urban Panels",505200,6.11,82684,"Outdoor,Urban Panels",14.33,16.4,30.71,20.74,9.41,8.41,,505200,6.11,82684,
PDCastroAlves-24,BRA-OOH-D-00000-32718,-30.03124,-51.20319,OOH BRASIL,Brazil,Rio Grande do Sul,Porto Alegre,DIGITAL,OUTDOOR,"Outdoor,Urban Panels",372600,5.28,70568,"Outdoor,Urban Panels",15.26,17.2,30.67,19.29,10.16,7.42,,372600,5.28,70568,
PD Amazonas Expominas,BRA-OOH-D-00000-36793,-19.93105,-43.99048,OOH BRASIL,Brazil,Minas Gerais,Belo Horizonte,DIGITAL,OUTDOOR,"Outdoor,Billboards",509400,5.73,88900,"Outdoor,Billboards",15.48,17.43,30.11,19.33,10.24,7.41,,509400,5.73,88900,
PD Barreiro I,BRA-OOH-D-00000-36794,-19.98713,-44.00914,OOH BRASIL,Brazil,Minas Gerais,Belo Horizonte,DIGITAL,OUTDOOR,"Outdoor,Billboards",621600,6.45,96372,"Outdoor,Billboards",14.27,16.33,30.23,20.74,10.25,8.18,,621600,6.45,96372,
PD Barreiro II,BRA-OOH-D-00000-36795,-19.98235,-44.0324216,OOH BRASIL,Brazil,Minas Gerais,Belo Horizonte,DIGITAL,OUTDOOR,"Outdoor,Billboards",594600,6.74,88219,"Outdoor,Billboards",15.57,17.27,28.25,21.54,9.17,8.2,,594600,6.74,88219,
